C001,Sachin ,sachin@gmail.com
C002,Sahil,sahil@gmail.com
C003,Prince,prince@gmail.com
C004,Abhishek,abhi@gmail.com
C005,Ankit,ankit@gmail.com
C006,Uday,uday@gmail.com
C007,Bheem,bheem@gmail.com
C008,Rahul,rahul@gmail.com
C009,Rohit,rohit@gmail.com
C010,Raj,raj@gmail.com
